res,steps,value,time,bytes,alloc,gctime
75,2500,data/bench_75_2500.h5,14.875331003,17386125608,210045068,1.697908584
75,5000,data/bench_75_5000.h5,27.433105538,32530607568,407506761,3.32868356
75,10000,data/bench_75_10000.h5,49.321715304,62847987144,802480405,6.416067706
150,2500,data/bench_150_2500.h5,115.573999205,69306928696,834879047,7.302947835
150,5000,data/bench_150_5000.h5,222.331979014,129526654160,1618877854,13.63323973
150,10000,data/bench_150_10000.h5,409.818842716,250147452776,3187481214,26.980780066
300,2500,error,NaN,0,0,NaN
300,5000,data/bench_300_5000.h5,1355.760058607,517445928192,6465125181,108.594876708
300,10000,data/bench_300_10000.h5,2559.877039832,998974125480,12728118071,210.25368794
